TicketID,FechaCreacion,TipoProblema,Departamento,TiempoResolucion,Satisfaccion,Escalado,TecnicoAsignado,Costo
T001,2024/02/01,Red,infraestructura,3,4,NO,Carlos,100
T002,02-02-2024,Hardware,soporte,5,,Si,ana,150.00
T003,2024-02-02,software,Desarrollo,8.0,2,no,Juan,200
T004,01/02/2024,RED,Infraestructura,6,5.0,No,carlos,120
T005,2024/02/04,,Soporte,2,4,No,Ana,80.5
T006,2024-02-05,Hardware,soporte,diez,1,YES,Juan,250
T007,06/02/2024,Red,INFRAESTRUCTURA,4,,No,Carlos,110.00
T008,2024-02-06,Software,desarrollo,7,dos,Si,ANA,180
T009,2024.02.07,hardware,Soporte,3,4,false,juan,100
T010,08-02-2024,Software,SOPORTE,5,3,TRUE,Carlos,130
T011,,Red,Infraestructura,4.5,5,No,carlos,90
T012,2024-02-01,HARDWARE,,6,1,Si,,175
T013,2024/02/09,Software,Desarrollo,null,4,No,Juan,ERROR
T014,2024-02-10,red,Infraestructura,2,6,No,Carlos,125.50
T015,11-02-2024,,Soporte,7,3,YES,Ana,
T016,2024.02.12,RED,infraestructura,cinco,2,false,CARLOS,145.00
T017,13/02/2024,hardware,SOPORTE,,5,True,ana,ERROR
T018,2024-02-14,Software,desarrollo,8,,NO,Juan,200.50
T019,15-02-2024,,Infraestructura,4.5,7,Si,carlos,
T020,2024/02/16,Red,soporte,null,3,yes,,180
T021,2024.02.17,HARDWARE,Desarrollo,tres,1,False,ANA,135.75
T022,18-02-2024,software,,6,4,TRUE,juan,ERROR
T023,2024-02-19,Red,INFRAESTRUCTURA,5,,No,Carlos,115.25
T024,20/02/2024,Hardware,soporte,diez,6,SI,ana,
T025,2024.02.21,,desarrollo,7,2,false,,190
T026,22-02-2024,SOFTWARE,Infraestructura,null,5,Yes,JUAN,ERROR
T027,2024/02/23,red,SOPORTE,4,8,NO,carlos,160.50
T028,24-02-2024,HARDWARE,,seis,3,True,ANA,140
T029,2024.02.25,Software,desarrollo,,1,FALSE,juan,ERROR
T030,26/02/2024,,Infraestructura,5,4,yes,Carlos,
T031,2024-02-27,Red,soporte,null,6,SI,,170.25
T032,28-02-2024,hardware,DESARROLLO,ocho,2,No,ana,ERROR
T033,2024/02/29,SOFTWARE,Infraestructura,3,,TRUE,JUAN,155
T034,01-03-2024,,soporte,7,5,False,carlos,
T035,2024.03.02,Red,desarrollo,cuatro,3,yes,,185.50
T036,2024-03-03,HARDWARE,INFRAESTRUCTURA,null,1,SI,ANA,ERROR
T037,04/03/2024,software,Soporte,6,7,NO,juan,130.75
T038,2024-03-05,,desarrollo,,4,True,CARLOS,
T039,06-03-2024,Red,infraestructura,nueve,2,FALSE,,165
T040,2024.03.07,Hardware,SOPORTE,5,,yes,ana,ERROR
T041,2024-03-08,SOFTWARE,Desarrollo,null,6,SI,JUAN,195.25
T042,09/03/2024,,Infraestructura,4,3,No,carlos,
T043,2024-03-10,red,soporte,siete,1,TRUE,ANA,150.50
T044,11-03-2024,HARDWARE,,6,5,False,,ERROR
T045,2024.03.12,Software,desarrollo,null,4,yes,juan,175.75
T046,2024-03-13,,INFRAESTRUCTURA,3,,SI,CARLOS,
T047,14/03/2024,Red,Soporte,ocho,2,NO,ana,140.25
T048,2024-03-15,hardware,desarrollo,5,7,True,,ERROR
T049,16-03-2024,SOFTWARE,Infraestructura,,3,FALSE,JUAN,160
T050,2024.03.17,,soporte,null,1,yes,carlos,
T051,2024-03-18,Red,DESARROLLO,cuatro,6,SI,ANA,180.50
T052,19/03/2024,HARDWARE,Infraestructura,7,,No,,ERROR
T053,2024-03-20,software,Soporte,null,4,TRUE,juan,145.75
T054,21-03-2024,,desarrollo,cinco,2,False,CARLOS,
T055,2024.03.22,Red,INFRAESTRUCTURA,6,8,yes,ana,170
T056,2024-03-23,Hardware,soporte,,3,SI,,ERROR
T057,24/03/2024,SOFTWARE,Desarrollo,null,1,NO,JUAN,155.25
T058,2024-03-25,,Infraestructura,ocho,5,True,carlos,
T059,26-03-2024,red,SOPORTE,4,2,FALSE,ANA,190.50
T060,2024.03.27,HARDWARE,desarrollo,7,,yes,,ERROR
T061,2024-03-28,Software,Infraestructura,null,6,SI,juan,135
T062,29/03/2024,,soporte,tres,4,No,CARLOS,
T063,2024-03-30,Red,DESARROLLO,5,1,TRUE,ana,165.75
T064,31-03-2024,hardware,,null,7,False,,ERROR
T065,2024.04.01,SOFTWARE,Infraestructura,seis,3,yes,JUAN,180.25
T066,02/04/2024,,Soporte,4,,SI,carlos,
T067,2024-04-03,Red,desarrollo,null,5,NO,ANA,150
T068,04-04-2024,HARDWARE,INFRAESTRUCTURA,siete,2,True,,ERROR
T069,2024.04.05,software,Soporte,,6,FALSE,juan,175.50
T070,2024-04-06,,desarrollo,null,4,yes,CARLOS,
T071,07/04/2024,Red,Infraestructura,cinco,1,SI,ana,140.75
T072,2024-04-08,Hardware,SOPORTE,6,,No,,ERROR
T073,09-04-2024,SOFTWARE,Desarrollo,null,7,TRUE,JUAN,160.25
T074,2024.04.10,,Infraestructura,cuatro,3,False,carlos,
T075,2024-04-11,red,soporte,8,5,yes,ANA,185
T076,12/04/2024,HARDWARE,DESARROLLO,,2,SI,,ERROR
T077,2024-04-13,Software,Infraestructura,null,6,NO,juan,145.50
T078,14-04-2024,,Soporte,siete,4,True,CARLOS,
T079,2024.04.15,Red,desarrollo,5,1,FALSE,ana,170.75
T080,2024-04-16,hardware,INFRAESTRUCTURA,null,,yes,,ERROR
T081,17/04/2024,SOFTWARE,Soporte,seis,7,SI,JUAN,155
T082,2024-04-18,,desarrollo,4,3,No,carlos,
T083,19-04-2024,Red,Infraestructura,null,5,TRUE,ANA,180.25
T084,2024.04.20,HARDWARE,SOPORTE,ocho,2,False,,ERROR
T085,2024-04-21,software,,3,6,yes,juan,165.50
T086,22/04/2024,,desarrollo,null,4,SI,CARLOS,
T087,2024-04-23,Red,INFRAESTRUCTURA,cinco,1,NO,ana,140
T088,24-04-2024,Hardware,Soporte,7,,True,,ERROR
T089,2024.04.25,SOFTWARE,desarrollo,null,5,FALSE,JUAN,175.75
T090,2024-04-26,,Infraestructura,cuatro,3,yes,carlos,
T091,27/04/2024,red,SOPORTE,6,2,SI,ANA,150.25
T092,2024-04-28,HARDWARE,Desarrollo,,7,No,,ERROR
T093,29-04-2024,Software,Infraestructura,null,4,TRUE,juan,160
T094,2024.04.30,,soporte,ocho,1,False,CARLOS,
T095,2024-05-01,Red,DESARROLLO,5,6,yes,ana,185.50
T096,02/05/2024,hardware,Infraestructura,null,,SI,,ERROR
T097,2024-05-03,SOFTWARE,Soporte,siete,3,NO,JUAN,145.75
T098,04-05-2024,,desarrollo,4,5,True,carlos,
T099,2024.05.05,Red,INFRAESTRUCTURA,null,2,FALSE,ANA,170
T100,2024-05-06,HARDWARE,soporte,seis,7,yes,,ERROR
T101,07/05/2024,software,Desarrollo,5,4,SI,juan,155.25
T102,2024-05-08,,Infraestructura,null,1,No,CARLOS,
T103,09-05-2024,Red,SOPORTE,ocho,6,TRUE,ana,180.50
T104,2024.05.10,hardware,desarrollo,3,,False,,ERROR
T105,2024-05-11,SOFTWARE,,null,5,yes,JUAN,165.75
T106,12/05/2024,,Infraestructura,siete,2,SI,carlos,
T107,2024-05-13,red,soporte,4,7,NO,ANA,140.25
T108,14-05-2024,HARDWARE,DESARROLLO,null,3,True,,ERROR
T109,2024.05.15,Software,Infraestructura,cinco,1,FALSE,juan,175
T110,2024-05-16,,Soporte,6,,yes,CARLOS,
T111,17/05/2024,Red,desarrollo,null,5,SI,ana,150.50
T112,18/05/2024,hardware,INFRAESTRUCTURA,tres,4,NO,JUAN,160.25
T113,2024-05-19,SOFTWARE,Soporte,null,7,True,carlos,190
T114,20-05-2024,Red,desarrollo,ocho,2,FALSE,ANA,145
T115,2024.05.21,HARDWARE,,5,,yes,,ERROR
T116,2024-05-22,software,Infraestructura,null,6,SI,juan,175.50
T117,23/05/2024,,SOPORTE,cuatro,3,No,CARLOS,
T118,2024-05-24,Red,desarrollo,7,1,TRUE,ana,165.25
T119,25-05-2024,hardware,INFRAESTRUCTURA,null,5,False,,ERROR
T120,2024.05.26,SOFTWARE,Soporte,seis,4,yes,JUAN,180
T121,2024-05-27,,desarrollo,3,,SI,carlos,
T122,28/05/2024,red,INFRAESTRUCTURA,null,7,NO,ANA,150.75
T123,2024-05-29,HARDWARE,Soporte,cinco,2,True,,ERROR
T124,30-05-2024,Software,,8,6,FALSE,juan,170.25
T125,2024.05.31,,desarrollo,null,3,yes,CARLOS,
T126,2024-06-01,Red,INFRAESTRUCTURA,cuatro,1,SI,ana,185
T127,02/06/2024,hardware,Soporte,7,,No,,ERROR
T128,2024-06-03,SOFTWARE,desarrollo,null,5,TRUE,JUAN,155.50
T129,04-06-2024,,INFRAESTRUCTURA,seis,4,False,carlos,
T130,2024.06.05,red,Soporte,3,2,yes,ANA,175.75
T131,2024-06-06,HARDWARE,desarrollo,,7,SI,,ERROR
T132,07/06/2024,Software,INFRAESTRUCTURA,null,6,NO,juan,160
T133,2024-06-08,,Soporte,cinco,1,True,CARLOS,
T134,09-06-2024,Red,desarrollo,8,3,FALSE,ana,180.25
T135,2024.06.10,hardware,INFRAESTRUCTURA,null,,yes,,ERROR
T136,2024-06-11,SOFTWARE,Soporte,cuatro,5,SI,JUAN,145.50
T137,12/06/2024,,desarrollo,6,4,No,carlos,
T138,2024-06-13,red,INFRAESTRUCTURA,null,2,TRUE,ANA,170.75
T139,14-06-2024,HARDWARE,Soporte,siete,7,False,,ERROR
T140,2024.06.15,Software,desarrollo,3,1,yes,juan,155
T141,2024-06-16,,INFRAESTRUCTURA,null,6,SI,CARLOS,
T142,17/06/2024,Red,Soporte,ocho,4,NO,ana,185.25
T143,2024-06-18,hardware,desarrollo,5,,True,,ERROR
T144,19-06-2024,SOFTWARE,INFRAESTRUCTURA,null,3,FALSE,JUAN,150
T145,2024.06.20,,Soporte,cuatro,7,yes,carlos,
T146,2024-06-21,red,desarrollo,6,2,SI,ANA,175.50
T147,22/06/2024,HARDWARE,INFRAESTRUCTURA,,5,No,,ERROR
T148,2024-06-23,Software,Soporte,null,1,TRUE,juan,160.75
T149,24-06-2024,,desarrollo,siete,4,False,CARLOS,
T150,2024.06.25,Red,INFRAESTRUCTURA,3,6,yes,ana,180
T151,2024-06-26,hardware,Soporte,null,,SI,,ERROR
T152,27/06/2024,SOFTWARE,desarrollo,cinco,3,NO,JUAN,145.25
T153,2024-06-28,,INFRAESTRUCTURA,8,7,True,carlos,
T154,29-06-2024,red,Soporte,null,2,FALSE,ANA,170.50
T155,2024.06.30,HARDWARE,desarrollo,cuatro,5,yes,,ERROR
T156,2024-07-01,Software,INFRAESTRUCTURA,6,1,SI,juan,155.75
T157,02/07/2024,,Soporte,null,4,No,CARLOS,
T158,2024-07-03,Red,desarrollo,siete,6,TRUE,ana,185
T159,04-07-2024,hardware,INFRAESTRUCTURA,3,,False,,ERROR
T160,2024.07.05,SOFTWARE,Soporte,null,5,yes,JUAN,150.25
T161,2024-07-06,,desarrollo,ocho,2,SI,carlos,
T162,07/07/2024,red,INFRAESTRUCTURA,5,7,NO,ANA,175
T163,2024-07-08,HARDWARE,Soporte,,3,True,,ERROR
T164,09-07-2024,Software,desarrollo,null,1,FALSE,juan,160.50
T165,2024.07.10,,INFRAESTRUCTURA,cuatro,6,yes,CARLOS,
T166,2024-07-11,Red,Soporte,7,4,SI,ana,180.75
T167,12/07/2024,hardware,desarrollo,null,,No,,ERROR
T168,2024-07-13,SOFTWARE,INFRAESTRUCTURA,seis,5,TRUE,JUAN,145
T169,14-07-2024,,Soporte,3,2,False,carlos,
T170,2024.07.15,red,desarrollo,null,7,yes,ANA,170.25
T171,2024-07-16,HARDWARE,INFRAESTRUCTURA,cinco,1,SI,,ERROR
T172,17/07/2024,Software,Soporte,8,4,NO,juan,155.50
T173,2024-07-18,,desarrollo,null,6,True,CARLOS,
T174,19-07-2024,Red,INFRAESTRUCTURA,cuatro,3,FALSE,ana,185.75
T175,2024.07.20,hardware,Soporte,6,,yes,,ERROR
T176,2024-07-21,SOFTWARE,desarrollo,null,5,SI,JUAN,150.50
T177,22/07/2024,,INFRAESTRUCTURA,siete,2,No,carlos,
T178,2024-07-23,red,Soporte,3,7,TRUE,ANA,175.25
T179,24-07-2024,HARDWARE,desarrollo,null,4,False,,ERROR
T180,2024.07.25,Software,INFRAESTRUCTURA,ocho,1,yes,juan,160
T181,2024-07-26,,Soporte,5,,SI,CARLOS,
T182,27/07/2024,Red,desarrollo,null,6,NO,ana,180.50
T183,2024-07-28,hardware,INFRAESTRUCTURA,cuatro,3,True,,ERROR
T184,29-07-2024,SOFTWARE,Soporte,7,5,FALSE,JUAN,145.75
T185,2024.07.30,,desarrollo,null,2,yes,carlos,
T186,2024-07-31,red,INFRAESTRUCTURA,seis,7,SI,ANA,170
T187,01/08/2024,HARDWARE,Soporte,3,,No,,ERROR
T188,2024-08-02,Software,desarrollo,null,4,TRUE,juan,155.25
T189,03-08-2024,,INFRAESTRUCTURA,ocho,1,False,CARLOS,
T190,2024.08.04,Red,Soporte,5,6,yes,ana,185.50
T191,2024-08-05,hardware,desarrollo,,3,SI,,ERROR
T192,06/08/2024,SOFTWARE,INFRAESTRUCTURA,null,7,NO,JUAN,150
T193,2024-08-07,,Soporte,cuatro,2,True,carlos,
T194,08-08-2024,red,desarrollo,6,5,FALSE,ANA,175.75
T195,2024.08.09,HARDWARE,INFRAESTRUCTURA,null,,yes,,ERROR
T196,2024-08-10,Software,Soporte,siete,4,SI,juan,160.25
T197,11/08/2024,,desarrollo,null,8,No,CARLOS,
T198,2024-08-12,Red,INFRAESTRUCTURA,cinco,1,TRUE,ana,180
T199,13-08-2024,hardware,Soporte,3,6,False,,ERROR
T200,2024.08.14,SOFTWARE,desarrollo,null,2,yes,JUAN,145.50
T201,2024-08-15,,INFRAESTRUCTURA,ocho,7,SI,carlos,
T202,16/08/2024,red,Soporte,4,3,NO,ANA,170.75
T203,2024-08-17,HARDWARE,desarrollo,,5,True,,ERROR
T204,18-08-2024,Software,INFRAESTRUCTURA,null,1,FALSE,juan,155
T205,2024.08.19,,Soporte,seis,6,yes,CARLOS,
T206,2024-08-20,Red,desarrollo,3,4,SI,ana,185.25
T207,21/08/2024,hardware,INFRAESTRUCTURA,null,,No,,ERROR
T208,2024-08-22,SOFTWARE,Soporte,siete,8,TRUE,JUAN,150.75
T209,23-08-2024,,desarrollo,5,2,False,carlos,
T210,2024.08.24,red,INFRAESTRUCTURA,null,7,yes,ANA,175
T211,2024-08-25,HARDWARE,Soporte,cuatro,1,SI,,ERROR
T212,26/08/2024,Software,desarrollo,3,6,NO,juan,160.50
T213,2024-08-27,,INFRAESTRUCTURA,null,4,True,CARLOS,
T214,28-08-2024,Red,Soporte,ocho,5,FALSE,ana,180.75
T215,2024.08.29,hardware,desarrollo,,2,yes,,ERROR
T216,2024-08-30,SOFTWARE,INFRAESTRUCTURA,null,7,SI,JUAN,145.25
T217,31/08/2024,,Soporte,cinco,3,No,carlos,
T218,2024-09-01,red,desarrollo,4,8,TRUE,ANA,170.50
T219,02-09-2024,HARDWARE,INFRAESTRUCTURA,null,,False,,ERROR
T220,2024.09.03,Software,Soporte,seis,6,yes,juan,155.75
T221,2024-09-04,,desarrollo,3,1,SI,CARLOS,
T222,05/09/2024,Red,INFRAESTRUCTURA,null,7,NO,ana,185
T223,2024-09-06,hardware,Soporte,,4,True,,ERROR
T224,07-09-2024,SOFTWARE,desarrollo,siete,5,FALSE,JUAN,150.25
T225,2024.09.08,,INFRAESTRUCTURA,null,2,yes,carlos,
T226,2024-09-09,red,Soporte,cuatro,8,SI,ANA,175.50
T227,10/09/2024,HARDWARE,desarrollo,3,,No,,ERROR
T228,2024-09-11,Software,INFRAESTRUCTURA,null,6,TRUE,juan,160
T229,12-09-2024,,Soporte,ocho,1,False,CARLOS,
T230,2024.09.13,Red,desarrollo,5,7,yes,ana,180.25
T231,2024-09-14,hardware,INFRAESTRUCTURA,,3,SI,,ERROR
T232,15/09/2024,SOFTWARE,Soporte,null,4,NO,JUAN,145.75
T233,2024-09-16,,desarrollo,seis,5,True,carlos,
T234,17-09-2024,red,INFRAESTRUCTURA,3,2,FALSE,ANA,170
T235,2024.09.18,HARDWARE,Soporte,null,,yes,,ERROR
T236,2024-09-19,Software,desarrollo,siete,8,SI,juan,155.50
T237,20/09/2024,,INFRAESTRUCTURA,4,1,No,CARLOS,
T238,2024-09-21,Red,Soporte,null,6,TRUE,ana,185.75
T239,22-09-2024,hardware,desarrollo,,7,False,,ERROR
T240,2024.09.23,SOFTWARE,INFRAESTRUCTURA,cinco,3,yes,JUAN,150
T241,2024-09-24,,Soporte,null,4,SI,carlos,
T242,25/09/2024,red,desarrollo,ocho,5,NO,ANA,175.25
T243,2024-09-26,HARDWARE,INFRAESTRUCTURA,3,,True,,ERROR
T244,27-09-2024,Software,Soporte,null,2,FALSE,juan,160.50
T245,2024.09.28,,desarrollo,seis,8,yes,CARLOS,
T246,2024-09-29,Red,INFRAESTRUCTURA,uno,1,SI,ana,190
T247,2024-09-30,hardware,Soporte,dos,7,NO,juan,165.75
T248,2024-10-01,Software,desarrollo,tres,4,TRUE,CARLOS,150.25
T249,2024-10-02,,INFRAESTRUCTURA,cuatro,2,SI,ana,175.50
T250,2024-10-03,Red,Soporte,cinco,8,NO,juan,180.25
T251,2024-10-04,hardware,desarrollo,seis,1,TRUE,CARLOS,145.75
T252,2024-10-05,,INFRAESTRUCTURA,siete,7,SI,ana,195.25
T253,2024-10-06,Red,Soporte,ocho,4,NO,juan,170.50
T254,2024-10-07,hardware,desarrollo,uno,2,TRUE,CARLOS,155.50
T255,2024-10-08,,INFRAESTRUCTURA,dos,8,SI,ana,180.75
T256,2024-10-09,Red,Soporte,tres,1,NO,juan,165.25
T257,2024-10-10,hardware,desarrollo,cuatro,7,TRUE,CARLOS,140.75
T258,2024-10-11,,INFRAESTRUCTURA,cinco,4,SI,ana,190.50
T259,2024-10-12,Red,Soporte,seis,2,NO,juan,175.75
T260,2024-10-13,hardware,desarrollo,siete,8,TRUE,CARLOS,150
T261,2024-10-14,,INFRAESTRUCTURA,ocho,1,SI,ana,185.25
T262,2024-10-15,Red,Soporte,uno,7,NO,juan,160.50
T263,2024-10-16,hardware,desarrollo,dos,4,TRUE,CARLOS,145.25
T264,2024-10-17,,INFRAESTRUCTURA,tres,2,SI,ana,195.75
T265,2024-10-18,Red,Soporte,cuatro,8,NO,juan,170.25
T266,2024-10-19,hardware,desarrollo,cinco,1,TRUE,CARLOS,155
T267,2024-10-20,,INFRAESTRUCTURA,seis,7,SI,ana,180.50
T268,2024-10-21,Red,Soporte,siete,4,NO,juan,165
T269,2024-10-22,hardware,desarrollo,ocho,2,TRUE,CARLOS,140.50
T270,2024-10-23,,INFRAESTRUCTURA,uno,8,SI,ana,190.25
T271,2024-10-24,Red,Soporte,dos,1,NO,juan,175.50
T272,2024-10-25,hardware,desarrollo,tres,7,TRUE,CARLOS,150.75
T273,2024-10-26,,INFRAESTRUCTURA,cuatro,4,SI,ana,185
T274,2024-10-27,Red,Soporte,cinco,2,NO,juan,160.25
T275,2024-10-28,hardware,desarrollo,seis,8,TRUE,CARLOS,145.50
T276,2024-10-29,,INFRAESTRUCTURA,siete,1,SI,ana,195.25
T277,2024-10-30,Red,Soporte,ocho,7,NO,juan,170.75
T278,2024-10-31,hardware,desarrollo,uno,4,TRUE,CARLOS,155.25
T279,2024-11-01,,INFRAESTRUCTURA,dos,2,SI,ana,180.75
T280,2024-11-02,Red,Soporte,tres,8,NO,juan,165.50
T281,2024-11-03,hardware,desarrollo,cuatro,1,TRUE,CARLOS,140.25
T282,2024-11-04,,INFRAESTRUCTURA,cinco,7,SI,ana,190.50
T283,2024-11-05,Red,Soporte,seis,4,NO,juan,175
T284,2024-11-06,hardware,desarrollo,siete,2,TRUE,CARLOS,150.25
T285,2024-11-07,,INFRAESTRUCTURA,ocho,8,SI,ana,185.50
T286,2024-11-08,Red,Soporte,uno,1,NO,juan,160.75
T287,2024-11-09,hardware,desarrollo,dos,7,SI,ana,190
T288,2024-11-10,,INFRAESTRUCTURA,tres,4,NO,juan,170
T289,2024-11-11,Red,Soporte,cuatro,2,SI,carlos,165
T290,2024-11-12,hardware,desarrollo,cinco,8,NO,ana,185.50
T291,2024-11-13,,INFRAESTRUCTURA,seis,1,SI,juan,155.50
T292,2024-11-14,Red,Soporte,siete,7,NO,carlos,170.25
T293,2024-11-15,hardware,desarrollo,ocho,4,SI,ana,190.75
T294,2024-11-16,,INFRAESTRUCTURA,uno,2,NO,juan,165.25
T295,2024-11-17,Red,Soporte,dos,8,SI,carlos,175.75
T296,2024-11-18,hardware,desarrollo,tres,1,NO,ana,180.25
T297,2024-11-19,,INFRAESTRUCTURA,cuatro,7,SI,juan,150.75
T298,2024-11-20,Red,Soporte,cinco,4,NO,carlos,160.50
T299,2024-11-21,hardware,desarrollo,seis,2,SI,ana,195.25
T300,2024-11-22,,INFRAESTRUCTURA,siete,8,NO,juan,175.50
T301,2024-11-23,Red,Soporte,ocho,1,SI,carlos,170.75
T302,2024-11-24,hardware,desarrollo,uno,7,NO,ana,185.25
T303,2024-11-25,,INFRAESTRUCTURA,dos,4,SI,juan,160.25
T304,2024-11-26,Red,Soporte,tres,2,NO,carlos,175.25
T305,2024-11-27,hardware,desarrollo,cuatro,8,SI,ana,190.50
T306,2024-11-28,,INFRAESTRUCTURA,cinco,1,NO,juan,155.75
T307,2024-11-29,Red,Soporte,seis,7,SI,carlos,170.50
T308,2024-11-30,hardware,desarrollo,siete,4,NO,ana,185
T309,2024-12-01,,INFRAESTRUCTURA,ocho,2,SI,juan,165.75
T310,2024-12-02,Red,Soporte,uno,8,NO,carlos,175.50
T311,2024-12-03,hardware,desarrollo,dos,1,SI,ana,190.25
T312,2024-12-04,,INFRAESTRUCTURA,tres,7,NO,juan,155.25
T313,2024-12-05,Red,Soporte,cuatro,4,SI,carlos,170.25
T314,2024-12-06,hardware,desarrollo,cinco,2,NO,ana,185.75
T315,2024-12-07,,INFRAESTRUCTURA,seis,8,SI,juan,160.50
T316,2024-12-08,Red,Soporte,siete,1,NO,carlos,175.75
T317,2024-12-09,hardware,desarrollo,ocho,7,SI,ana,190.75
T318,2024-12-10,,INFRAESTRUCTURA,uno,4,NO,juan,165.50
T319,2024-12-11,Red,Soporte,dos,2,SI,carlos,170.50
T320,2024-12-12,hardware,desarrollo,tres,8,NO,ana,185.25
T321,2024-12-13,,INFRAESTRUCTURA,cuatro,1,SI,juan,155.75
T322,2024-12-14,Red,Soporte,cinco,7,NO,carlos,170
T323,2024-12-15,hardware,desarrollo,seis,4,SI,ana,190.25
T324,2024-12-16,,INFRAESTRUCTURA,siete,2,NO,juan,165.25
T325,2024-12-17,Red,Soporte,ocho,8,SI,carlos,175.50
T326,2024-12-18,hardware,desarrollo,uno,1,NO,ana,180.50
T327,2024-12-19,,INFRAESTRUCTURA,dos,7,SI,juan,155.25
T328,2024-12-20,Red,Soporte,tres,4,NO,carlos,170.75
T329,2024-12-21,hardware,desarrollo,cuatro,2,SI,ana,185.50
T330,2024-12-22,,INFRAESTRUCTURA,cinco,8,NO,juan,160.75
T331,2024-12-23,Red,Soporte,seis,1,SI,carlos,175
T332,2024-12-24,hardware,desarrollo,siete,7,NO,ana,190
T333,2024-12-25,,INFRAESTRUCTURA,ocho,4,SI,juan,170
T334,2024-12-26,Red,Soporte,uno,2,NO,carlos,165
T335,2024-12-27,hardware,desarrollo,dos,8,SI,ana,185.50
T336,2024-12-28,,INFRAESTRUCTURA,tres,1,NO,juan,155.50
T337,2024-12-29,Red,Soporte,cuatro,7,SI,carlos,170.25
T338,2024-12-30,hardware,desarrollo,cinco,4,NO,ana,185.75
T339,2025-01-01,,INFRAESTRUCTURA,seis,2,SI,juan,160.50
T340,2025-01-02,Red,Soporte,siete,8,NO,carlos,175.75
T341,2025-01-03,hardware,desarrollo,ocho,1,SI,ana,190.75
T342,2025-01-04,,INFRAESTRUCTURA,uno,7,NO,juan,165.25
T343,2025-01-05,Red,Soporte,dos,4,SI,carlos,170.50
T344,2025-01-06,hardware,desarrollo,tres,2,NO,ana,185.25
T345,2025-01-07,,INFRAESTRUCTURA,cuatro,8,SI,juan,155.75
T346,2025-01-08,Red,Soporte,cinco,1,NO,carlos,170
T347,2025-01-09,hardware,desarrollo,seis,7,SI,ana,190.25
T348,2025-01-10,,INFRAESTRUCTURA,siete,4,NO,juan,165.25
T349,2025-01-11,Red,Soporte,ocho,2,SI,carlos,175.50
T350,2025-01-12,hardware,desarrollo,uno,8,NO,ana,180.50
T351,2025-01-13,,INFRAESTRUCTURA,dos,1,SI,juan,155.25
T352,2025-01-14,Red,Soporte,tres,7,NO,carlos,170.75
T353,2025-01-15,hardware,desarrollo,cuatro,4,SI,ana,185.50
T354,2025-01-16,,INFRAESTRUCTURA,cinco,2,NO,juan,160.75
T355,2025-01-17,Red,Soporte,seis,8,SI,carlos,175
T356,2025-01-18,hardware,desarrollo,siete,1,NO,ana,190
T357,2025-01-19,,INFRAESTRUCTURA,ocho,7,SI,juan,170
T358,2025-01-20,Red,Soporte,uno,4,NO,carlos,165
T359,2025-01-21,hardware,desarrollo,dos,2,SI,ana,185.50
T360,2025-01-22,,INFRAESTRUCTURA,tres,8,NO,juan,155.50
T361,2025-01-23,Red,Soporte,cuatro,1,SI,carlos,170.25
T362,2025-01-24,hardware,desarrollo,cinco,7,NO,ana,185.75
T363,2025-01-25,,INFRAESTRUCTURA,seis,4,SI,juan,160.50
T364,2025-01-26,Red,Soporte,siete,2,NO,carlos,175.75
T365,2025-01-27,hardware,desarrollo,ocho,8,SI,ana,190.75
T366,2025-01-28,,INFRAESTRUCTURA,uno,1,NO,juan,165.25
T367,2025-01-29,Red,Soporte,dos,7,SI,carlos,170.50
T368,2025-01-30,hardware,desarrollo,tres,4,NO,ana,185.25
T369,2025-01-31,,INFRAESTRUCTURA,cuatro,2,SI,juan,155.75
T370,2025-02-01,Red,Soporte,cinco,8,NO,carlos,170.25
T370,2025-02-01,Red,,cinco,,SI,carlos,17O.25
T371,2025-02-02,,Soporte,seis,2,N0,ana,18575
T372,2025-02-03,hardware,desarrollo,,8,SI,,190.75
T373,2025-02-04,Red,INFRAESTRUCTURA,ocho,1,NO,juan,165.2
T374,2025-02-05,,Soporte,uno,7,Si,carlos,17050
T375,2025-02-06,hardware,,dos,4,NO,ana,185.25
T376,2025-02-07,Red,INFRAESTRUCTURA,tres,,SI,juan,155.75
T377,2025-02-08,,Soporte,cuatro,2,No,carlos,170.
T378,2025-02-09,hardware,desarrollo,cinco,8,SI,ana,19O.25
T379,2025-02-10,Red,,seis,1,NO,juan,165.25
T380,2025-02-11,,INFRAESTRUCTURA,siete,7,si,carlos,175.5
T381,2025-02-12,hardware,Soporte,ocho,4,NO,ana,180.50
T382,2025-02-13,Red,desarrollo,uno,2,SI,,155.25
T383,2025-02-14,,INFRAESTRUCTURA,dos,8,No,carlos,170.75
T384,2025-02-15,hardware,,tres,1,SI,ana,185.5O
T385,2025-02-16,Red,Soporte,cuatro,7,NO,juan,160.75
T386,2025-02-17,,desarrollo,cinco,,SI,carlos,175.
T387,2025-02-18,hardware,INFRAESTRUCTURA,seis,2,No,ana,190
T388,2025-02-19,Red,,siete,8,SI,juan,17O.00
T389,2025-02-20,,Soporte,ocho,1,NO,carlos,165.
T390,2025-02-21,hardware,desarrollo,uno,7,si,ana,185.50
T391,2025-02-22,Red,INFRAESTRUCTURA,dos,4,NO,,155.5
T392,2025-02-23,,Soporte,tres,2,SI,carlos,170.25
T393,2025-02-24,hardware,,cuatro,8,No,ana,185.75
T394,2025-02-25,Red,INFRAESTRUCTURA,cinco,1,SI,juan,16O.50
T395,2025-02-26,,Soporte,seis,7,NO,carlos,175.75
T396,2025-02-27,hardware,desarrollo,siete,,SI,ana,19O.75
T397,2025-02-28,Red,,ocho,2,No,juan,165.25
T398,2025-03-01,,INFRAESTRUCTURA,uno,8,SI,carlos,17O.50
T399,2025-03-02,hardware,Soporte,dos,1,NO,ana,185.25
T400,2025-03-03,Red,desarrollo,tres,7,si,,155.75
T401,2025-03-04,,INFRAESTRUCTURA,cuatro,4,NO,carlos,170.
T402,2025-03-05,hardware,,cinco,2,SI,ana,190.25
T403,2025-03-06,Red,Soporte,seis,8,No,juan,165.25
T404,2025-03-07,,desarrollo,siete,1,SI,carlos,175.5O
T405,2025-03-08,hardware,INFRAESTRUCTURA,ocho,7,NO,ana,180.50
T406,2025-03-09,Red,,uno,,SI,juan,155.25
T407,2025-03-10,,Soporte,dos,2,No,carlos,17O.75
T408,2025-03-11,hardware,desarrollo,tres,8,SI,ana,185.5
T409,2025-03-12,Red,INFRAESTRUCTURA,cuatro,1,NO,,160.75
T410,2025-03-13,,Soporte,cinco,7,si,carlos,175.
T411,2025-03-14,hardware,,seis,4,NO,ana,19O
T412,2025-03-15,Red,INFRAESTRUCTURA,siete,2,SI,juan,170.
T413,2025-03-16,,Soporte,ocho,8,No,carlos,165
T414,2025-03-17,hardware,desarrollo,uno,1,SI,ana,185.5O
T415,2025-03-18,Red,,dos,7,NO,juan,155.5
T416,2025-03-19,,INFRAESTRUCTURA,tres,,SI,carlos,17O.25
T417,2025-03-20,hardware,Soporte,cuatro,2,No,ana,185.75
T418,2025-03-21,Red,desarrollo,cinco,8,SI,,160.50
T419,2025-03-22,,INFRAESTRUCTURA,seis,1,NO,carlos,175.75
T420,2025-03-23,hardware,,siete,7,si,ana,19O.75
T421,2025-03-24,Red,Soporte,ocho,4,NO,juan,165.25
T422,2025-03-25,,desarrollo,uno,2,SI,carlos,170.5O
T423,2025-03-26,hardware,INFRAESTRUCTURA,dos,8,No,ana,185.25
T424,2025-03-27,Red,,tres,1,SI,juan,155.75
T425,2025-03-28,,Soporte,cuatro,7,NO,carlos,17O.
T426,2025-03-29,hardware,desarrollo,cinco,,SI,ana,190.25
T427,2025-03-30,Red,INFRAESTRUCTURA,seis,2,No,,165.25
T428,2025-03-31,,Soporte,siete,8,SI,carlos,175.5
T429,2025-04-01,hardware,,ocho,1,NO,ana,180.50
T430,2025-04-02,Red,INFRAESTRUCTURA,uno,7,si,juan,155.25
T431,2025-04-03,,Soporte,dos,4,NO,carlos,17O.75
T432,2025-04-04,hardware,desarrollo,tres,2,SI,ana,185.5
T433,2025-04-05,Red,,cuatro,8,No,juan,16O.75
T434,2025-04-06,,INFRAESTRUCTURA,cinco,1,SI,carlos,175.
T435,2025-04-07,hardware,Soporte,seis,7,NO,ana,19O
T436,2025-04-08,Red,desarrollo,siete,,SI,,170.
T437,2025-04-09,,INFRAESTRUCTURA,ocho,2,No,carlos,165
T438,2025-04-10,hardware,,uno,8,SI,ana,185.5O
T439,2025-04-11,Red,Soporte,dos,1,NO,juan,155.5
T440,2025-04-12,,desarrollo,tres,7,si,carlos,17O.25
T441,2025-04-13,hardware,INFRAESTRUCTURA,cuatro,4,NO,ana,185.75
T442,2025-04-14,Red,,cinco,2,SI,juan,16O.50
T443,2025-04-15,,Soporte,seis,8,No,carlos,175.75
T444,2025-04-16,hardware,desarrollo,siete,1,SI,ana,19O.75
T445,2025-04-17,Red,INFRAESTRUCTURA,ocho,7,NO,,165.25
T446,2025-04-18,,Soporte,uno,,SI,carlos,170.5O
T447,2025-04-19,hardware,,dos,2,No,ana,185.25
T448,2025-04-20,Red,INFRAESTRUCTURA,tres,8,SI,juan,155.75
T449,2025-04-21,,Soporte,cuatro,1,NO,carlos,17O.
T450,2025-04-22,hardware,desarrollo,cinco,7,si,ana,190.25
T451,2025-04-23,Red,,seis,4,NO,juan,165.25
T452,2025-04-24,,INFRAESTRUCTURA,siete,2,SI,carlos,175.5
T453,2025-04-25,hardware,Soporte,ocho,8,No,ana,180.50
T454,2025-04-26,Red,desarrollo,uno,1,SI,,155.25
T455,2025-04-27,,INFRAESTRUCTURA,dos,7,NO,carlos,17O.75
T456,2025-04-28,hardware,,tres,4,SI,ana,185.5
T457,2025-04-29,Red,Soporte,cuatro,2,No,juan,16O.75
T458,2025-04-30,,desarrollo,cinco,8,SI,carlos,175.
T459,2025-05-01,hardware,INFRAESTRUCTURA,seis,,NO,ana,19O
T460,2025-05-02,Red,,siete,2,si,juan,170.
T461,2025-05-03,,Soporte,ocho,8,NO,carlos,165
T462,2025-05-04,hardware,desarrollo,uno,1,SI,ana,185.5O
T463,2025-05-05,Red,INFRAESTRUCTURA,dos,7,No,,155.5
T464,2025-05-06,,Soporte,tres,4,SI,carlos,17O.25
T465,2025-05-07,hardware,,cuatro,2,NO,ana,185.75
T466,2025-05-08,Red,INFRAESTRUCTURA,cinco,8,si,juan,16O.50
T467,2025-05-09,,Soporte,seis,1,NO,carlos,175.75
T468,2025-05-10,hardware,desarrollo,siete,7,SI,ana,19O.75
T469,2025-05-11,Red,,ocho,,No,juan,165.25
T470,2025-05-12,,INFRAESTRUCTURA,uno,2,SI,,17O.5O
T471,2025-05-13,hardware,Soporte,dos,8,no,ana,185.25 
T472,2025-05-14,Red,desarrollo,,1,SI,juan,155.75
T473,2025-05-15,,INFRAESTRUCTURA,cuatro,7,NO,carlos,17O.
T474,2025-05-16,hardware,,cinco,4,si,ana,19O.25
T475,2025-05-17,Red,Soporte,seis,,NO,juan,165.25
T476,2025-05-18,,desarrollo,siete,2,SI,carlos,175.5
T477,2025-05-19,hardware,INFRAESTRUCTURA,ocho,8,No,ana,18O.5O
T478,2025-05-20,Red,,uno,1,SI,,155.25
T479,2025-05-21,,Soporte,dos,7,NO,carlos,17O.75
T480,2025-05-22,hardware,desarrollo,tres,4,si,ana,185.5
T481,2025-05-23,Red,INFRAESTRUCTURA,cuatro,,No,juan,16O.75
T482,2025-05-24,,Soporte,cinco,2,SI,carlos,175.
T483,2025-05-25,hardware,,seis,8,NO,ana,19O
T484,2025-05-26,Red,INFRAESTRUCTURA,siete,1,si,,17O.
T485,2025-05-27,,desarrollo,ocho,7,NO,carlos,165
T486,2025-05-28,hardware,Soporte,uno,4,SI,ana,185.5O
T487,2025-05-29,Red,,dos,,No,juan,155.5
T488,2025-05-30,,INFRAESTRUCTURA,tres,2,SI,carlos,17O.25
T489,2025-05-31,hardware,desarrollo,cuatro,8,NO,ana,185.75
T490,2025-06-01,Red,Soporte,cinco,1,si,,16O.50
T491,2025-06-02,,INFRAESTRUCTURA,seis,7,NO,carlos,175.75
T492,2025-06-03,hardware,,siete,4,SI,ana,19O.75
T493,2025-06-04,Red,Soporte,ocho,2,No,juan,165.25
T494,2025-06-05,,desarrollo,uno,8,SI,carlos,17O.5O
T495,2025-06-06,hardware,INFRAESTRUCTURA,dos,1,NO,ana,185.25
T496,2025-06-07,Red,,tres,7,si,,155.75
T497,2025-06-08,,Soporte,cuatro,4,NO,carlos,17O.
T498,2025-06-09,hardware,desarrollo,cinco,2,SI,ana,19O.25
T499,2025-06-10,Red,INFRAESTRUCTURA,seis,8,No,juan,165.25
T500,2025-06-11,,Soporte,siete,1,SI,carlos,175.5
T501,2025-06-12,hardware,,ocho,7,NO,ana,18O.5O
T502,2025-06-13,Red,INFRAESTRUCTURA,uno,4,si,,155.25
T503,2025-06-14,,desarrollo,dos,2,NO,carlos,17O.75
T504,2025-06-15,hardware,Soporte,tres,8,SI,ana,185.5
T505,2025-06-16,Red,,cuatro,1,No,juan,16O.75
T506,2025-06-17,,INFRAESTRUCTURA,cinco,7,SI,carlos,175.
T507,2025-06-18,hardware,desarrollo,seis,4,NO,ana,19O
T508,2025-06-19,Red,Soporte,siete,2,si,,17O.
T509,2025-06-20,,INFRAESTRUCTURA,ocho,8,NO,carlos,165
T510,2025-06-21,hardware,,uno,1,SI,ana,185.5O
T511,2025-06-22,Red,Soporte,dos,7,No,juan,155.5
T512,2025-06-23,,desarrollo,tres,4,SI,carlos,17O.25
T513,2025-06-24,hardware,INFRAESTRUCTURA,cuatro,2,NO,ana,185.75
T514,2025-06-25,Red,,cinco,8,si,,16O.50
T515,2025-06-26,,Soporte,seis,1,NO,carlos,175.75
T516,2025-06-27,hardware,desarrollo,siete,7,SI,ana,19O.75
T517,2025-06-28,Red,INFRAESTRUCTURA,ocho,4,No,juan,165.25
T518,2025-06-29,,Soporte,uno,2,SI,carlos,17O.5O
T519,2025-06-30,hardware,,dos,8,NO,ana,185.25
T520,2025-07-01,Red,INFRAESTRUCTURA,tres,1,si,,155.75
T521,2025-07-02,,desarrollo,cuatro,7,NO,carlos,17O.
T522,2025-07-03,hardware,Soporte,cinco,4,SI,ana,19O.25
T523,2025-07-04,Red,,seis,2,No,juan,165.25
T524,2025-07-05,,INFRAESTRUCTURA,siete,8,SI,carlos,175.5
T525,2025-07-06,hardware,desarrollo,ocho,1,NO,ana,18O.5O
T526,2025-07-07,Red,Soporte,uno,7,si,,155.25
T527,2025-07-08,,INFRAESTRUCTURA,dos,4,NO,carlos,17O.75
T528,2025-07-09,hardware,,tres,2,SI,ana,185.5
T529,2025-07-10,Red,Soporte,cuatro,8,No,juan,16O.75
T530,2025-07-11,,desarrollo,cinco,1,SI,carlos,175.
T531,2025-07-12,hardware,INFRAESTRUCTURA,seis,7,NO,ana,19O
T532,2025-07-13,Red,,siete,4,si,,17O.
T533,2025-07-14,,Soporte,ocho,2,NO,carlos,165
T534,2025-07-15,hardware,desarrollo,uno,8,SI,ana,185.5O
T535,2025-07-16,Red,INFRAESTRUCTURA,dos,1,No,juan,155.5
T536,2025-07-17,,Soporte,tres,7,SI,carlos,17O.25
T537,2025-07-18,hardware,,cuatro,4,NO,ana,185.75
T538,2025-07-19,Red,INFRAESTRUCTURA,cinco,2,si,,16O.50
T539,2025-07-20,,desarrollo,seis,8,NO,carlos,175.75
T540,2025-07-21,hardware,Soporte,siete,1,SI,ana,19O.75
T541,2025-07-22,Red,,ocho,7,No,juan,165.25
T542,2025-07-23,,INFRAESTRUCTURA,uno,4,SI,carlos,17O.5O
T543,2025-07-24,hardware,desarrollo,dos,2,NO,ana,185.25
T544,2025-07-25,Red,Soporte,tres,8,si,,155.75
T545,2025-07-26,,INFRAESTRUCTURA,cuatro,1,NO,carlos,17O.
T546,2025-07-27,hardware,,cinco,7,SI,ana,19O.25
T547,2025-07-28,Red,Soporte,seis,4,No,juan,165.25
T548,2025-07-29,,desarrollo,siete,2,SI,carlos,175.5
T549,2025-07-30,hardware,INFRAESTRUCTURA,ocho,8,NO,ana,18O.5O
T550,2025-07-31,Red,,uno,1,si,,155.25
T551,2025-08-01,,Soporte,dos,7,NO,carlos,17O.75
T552,2025-08-02,hardware,desarrollo,tres,4,SI,ana,185.5
T553,2025-08-03,Red,INFRAESTRUCTURA,cuatro,2,No,juan,16O.75
T554,2025-08-04,,Soporte,cinco,8,SI,carlos,175.
T555,2025-08-05,hardware,,seis,1,NO,ana,19O
T556,2025-08-06,Red,INFRAESTRUCTURA,siete,7,si,,17O.
T557,2025-08-07,,desarrollo,ocho,4,NO,carlos,165
T558,2025-08-08,hardware,Soporte,uno,2,SI,ana,185.5O
T559,2025-08-09,Red,,dos,8,No,juan,155.5
T560,2025-08-10,,INFRAESTRUCTURA,tres,1,SI,carlos,17O.25
T561,2025-08-11,hardware,desarrollo,cuatro,7,NO,ana,185.75
T562,2025-08-12,Red,Soporte,cinco,4,si,,16O.50
T563,2025-08-13,,INFRAESTRUCTURA,seis,2,NO,carlos,175.75
T564,2025-08-14,hardware,,siete,8,SI,ana,19O.75
T565,2025-08-15,Red,Soporte,ocho,1,No,juan,165.25
T566,2025-08-16,,desarrollo,uno,7,SI,carlos,17O.5O
T567,2025-08-17,hardware,INFRAESTRUCTURA,dos,4,NO,ana,185.25
T568,2025-08-18,Red,,tres,2,si,,155.75
T569,2025-08-19,,Soporte,cuatro,8,NO,carlos,17O.
T570,2025-08-20,hardware,desarrollo,cinco,1,SI,ana,19O.25
T571,2025-08-21,Red,INFRAESTRUCTURA,seis,7,No,juan,165.25
T572,2025-08-22,,Soporte,siete,4,SI,carlos,175.5
T573,2025-08-23,hardware,,ocho,2,NO,ana,18O.5O
T574,2025-08-24,Red,INFRAESTRUCTURA,uno,8,si,,155.25
T575,2025-08-25,,desarrollo,dos,1,NO,carlos,17O.75
T576,2025-08-26,hardware,Soporte,tres,7,SI,ana,185.5
T577,2025-08-27,Red,,cuatro,4,No,juan,16O.75
T578,2025-08-28,,INFRAESTRUCTURA,cinco,2,SI,carlos,175.
T579,2025-08-29,hardware,desarrollo,seis,8,NO,ana,19O
T580,2025-08-30,Red,Soporte,siete,1,si,,17O.
T581,2025-08-31,,INFRAESTRUCTURA,ocho,7,NO,carlos,165
T582,2025-09-01,hardware,,uno,4,SI,ana,185.5O
T583,2025-09-02,Red,Soporte,dos,2,No,juan,155.5
T584,2025-09-03,,desarrollo,tres,8,SI,carlos,17O.25
T585,2025-09-04,hardware,INFRAESTRUCTURA,cuatro,1,NO,ana,185.75
T586,2025-09-05,Red,,cinco,7,si,,16O.50
T587,2025-09-06,,Soporte,seis,4,NO,carlos,175.75
T588,2025-09-07,hardware,desarrollo,siete,2,SI,ana,19O.75
T589,2025-09-08,Red,INFRAESTRUCTURA,ocho,8,No,juan,165.25
T590,2025-09-09,,Soporte,uno,1,SI,carlos,17O.5O
T591,2025-09-10,hardware,,dos,7,NO,ana,185.25
T592,2025-09-11,Red,INFRAESTRUCTURA,tres,4,si,,155.75
T593,2025-09-12,,desarrollo,cuatro,2,NO,carlos,17O.
T594,2025-09-13,hardware,Soporte,cinco,8,SI,ana,19O.25
T595,2025-09-14,Red,,seis,1,No,juan,165.25
T596,2025-09-15,,INFRAESTRUCTURA,siete,7,SI,carlos,175.5
T597,2025-09-16,hardware,desarrollo,ocho,4,NO,ana,18O.5O
T598,2025-09-17,Red,Soporte,uno,2,si,,155.25
T599,2025-09-18,,INFRAESTRUCTURA,dos,8,NO,carlos,17O.75
T600,2025-09-19,hardware,,tres,1,SI,ana,185.5
T601,2025-09-20,Red,Soporte,cuatro,7,No,juan,16O.75
T602,2025-09-21,,desarrollo,cinco,4,SI,carlos,175.
T603,2025-09-22,hardware,INFRAESTRUCTURA,seis,2,NO,ana,19O
T604,2025-09-23,Red,,siete,8,si,,17O.
T605,2025-09-24,,Soporte,ocho,1,NO,carlos,165
T606,2025-09-25,hardware,desarrollo,uno,7,SI,ana,185.5O
T607,2025-09-26,Red,INFRAESTRUCTURA,dos,4,No,juan,155.5
T608,2025-09-27,,Soporte,tres,2,SI,carlos,17O.25
T609,2025-09-28,hardware,,cuatro,8,NO,ana,185.75
T610,2025-09-29,Red,INFRAESTRUCTURA,cinco,1,si,,16O.50
T611,2025-09-30,,desarrollo,seis,7,NO,carlos,175.75
T612,2025-10-01,hardware,Soporte,siete,4,SI,ana,19O.75
T613,2025-10-02,Red,,ocho,2,No,juan,165.25
T614,2025-10-03,,INFRAESTRUCTURA,uno,8,SI,carlos,17O.5O
T615,2025-10-04,hardware,desarrollo,dos,1,NO,ana,185.25
T616,2025-10-05,Red,Soporte,tres,7,si,,155.75
T617,2025-10-06,,INFRAESTRUCTURA,cuatro,4,NO,carlos,17O.
T618,2025-10-07,hardware,,cinco,2,SI,ana,19O.25
T619,2025-10-08,Red,Soporte,seis,8,No,juan,165.25
T620,2025-10-09,,desarrollo,siete,1,SI,carlos,175.5
T621,2025-10-10,hardware,INFRAESTRUCTURA,ocho,7,NO,ana,18O.5O
T622,2025-10-11,Red,,uno,4,si,,155.25
T623,2025-10-12,,Soporte,dos,2,NO,carlos,17O.75
T624,2025-10-13,hardware,desarrollo,tres,8,SI,ana,185.5
T625,2025-10-14,Red,INFRAESTRUCTURA,cuatro,1,No,juan,16O.75
T626,2025-10-15,,Soporte,cinco,7,SI,carlos,175.
T627,2025-10-16,hardware,,seis,4,NO,ana,19O
T628,2025-10-17,Red,INFRAESTRUCTURA,siete,2,si,,17O.
T629,2025-10-18,,desarrollo,ocho,8,NO,carlos,165
T630,2025-10-19,hardware,Soporte,uno,1,SI,ana,185.5O
T631,2025-10-20,Red,,dos,7,No,juan,155.5
T632,2025-10-21,,INFRAESTRUCTURA,tres,4,SI,carlos,17O.25
T633,2025-10-22,hardware,desarrollo,cuatro,2,NO,ana,185.75
T634,2025-10-23,Red,Soporte,cinco,8,si,,16O.50
T635,2025-10-24,,INFRAESTRUCTURA,seis,1,NO,carlos,175.75
T636,2025-10-25,hardware,,siete,7,SI,ana,19O.75
T637,2025-10-26,Red,Soporte,ocho,4,No,juan,165.25
T638,2025-10-27,,desarrollo,uno,2,SI,carlos,17O.5O
T639,2025-10-28,hardware,INFRAESTRUCTURA,dos,8,NO,ana,185.25
T640,2025-10-29,Red,,tres,1,si,,155.75
T641,2025-10-30,,Soporte,cuatro,7,NO,carlos,17O.
T642,2025-10-31,hardware,desarrollo,cinco,4,SI,ana,19O.25
T643,2025-11-01,Red,INFRAESTRUCTURA,seis,2,No,juan,165.25
T644,2025-11-02,,Soporte,siete,8,SI,carlos,175.5
T645,2025-11-03,hardware,,ocho,1,NO,ana,18O.5O
T646,2025-11-04,Red,INFRAESTRUCTURA,uno,7,si,,155.25
T647,2025-11-05,,desarrollo,dos,4,NO,carlos,17O.75
T648,2025-11-06,hardware,Soporte,tres,2,SI,ana,185.5
T649,2025-11-07,Red,,cuatro,8,No,juan,16O.75
T650,2025-11-08,,INFRAESTRUCTURA,cinco,1,SI,carlos,175.
T651,2025-11-09,hardware,desarrollo,seis,7,NO,ana,19O
T652,2025-11-10,Red,Soporte,siete,4,si,,17O.
T653,2025-11-11,,INFRAESTRUCTURA,ocho,2,NO,carlos,165
T654,2025-11-12,hardware,,uno,8,SI,ana,185.5O
T655,2025-11-13,Red,Soporte,dos,1,No,juan,155.5
T656,2025-11-14,,desarrollo,tres,7,SI,carlos,17O.25
T657,2025-11-15,hardware,INFRAESTRUCTURA,cuatro,4,NO,ana,185.75
T658,2025-11-16,Red,,cinco,2,si,,16O.50
T659,2025-11-17,,Soporte,seis,8,NO,carlos,175.75
T660,2025-11-18,hardware,desarrollo,siete,1,SI,ana,19O.75
T661,2025-11-19,Red,INFRAESTRUCTURA,ocho,7,No,juan,165.25
T662,2025-11-20,,Soporte,uno,4,SI,carlos,17O.5O
T663,2025-11-21,hardware,,dos,2,NO,ana,185.25
T664,2025-11-22,Red,INFRAESTRUCTURA,tres,8,si,,155.75
T665,2025-11-23,,desarrollo,cuatro,1,NO,carlos,17O.
T666,2025-11-24,hardware,Soporte,cinco,7,SI,ana,19O.25
T667,2025-11-25,Red,,seis,4,No,juan,165.25
T668,2025-11-26,,INFRAESTRUCTURA,siete,2,SI,carlos,175.5
T669,2025-11-27,hardware,desarrollo,ocho,8,NO,ana,18O.5O
T670,2025-11-28,Red,Soporte,uno,1,si,,155.25
T671,2025-11-29,,INFRAESTRUCTURA,dos,7,NO,carlos,17O.75
T672,2025-11-30,hardware,,tres,4,SI,ana,185.5
T673,2025-12-01,Red,Soporte,cuatro,2,No,juan,16O.75
T674,2025-12-02,,desarrollo,cinco,8,SI,carlos,175.
T675,2025-12-03,hardware,INFRAESTRUCTURA,seis,1,NO,ana,19O
T676,2025-12-04,Red,,siete,7,si,,17O.
T677,2025-12-05,,Soporte,ocho,4,NO,carlos,165
T678,2025-12-06,hardware,desarrollo,uno,2,SI,ana,185.5O
T679,2025-12-07,Red,INFRAESTRUCTURA,dos,8,No,juan,155.5
T680,2025-12-08,,Soporte,tres,1,SI,carlos,17O.25
T681,2025-12-09,hardware,,cuatro,7,NO,ana,185.75
T682,2025-12-10,Red,INFRAESTRUCTURA,cinco,4,si,,16O.50
T683,2025-12-11,,desarrollo,seis,2,NO,carlos,175.75
T684,2025-12-12,hardware,Soporte,siete,8,SI,ana,19O.75
T685,2025-12-13,Red,,ocho,1,No,juan,165.25
T686,2025-12-14,,INFRAESTRUCTURA,uno,7,SI,carlos,17O.5O
T687,2025-12-15,hardware,desarrollo,dos,4,NO,ana,185.25
T688,2025-12-16,Red,Soporte,tres,2,si,,155.75
T689,2025-12-17,,INFRAESTRUCTURA,cuatro,8,NO,carlos,17O.
T690,2025-12-18,hardware,,cinco,1,SI,ana,19O.25
T691,2025-12-19,Red,Soporte,seis,7,No,juan,165.25
T692,2025-12-20,,desarrollo,siete,4,SI,carlos,175.5
T693,2025-12-21,hardware,INFRAESTRUCTURA,ocho,2,NO,ana,18O.5O
T694,2025-12-22,Red,,uno,8,si,,155.25
T695,2025-12-23,,Soporte,dos,1,NO,carlos,17O.75
T696,2025-12-24,hardware,desarrollo,tres,7,SI,ana,185.5
T697,2025-12-25,Red,INFRAESTRUCTURA,cuatro,4,No,juan,16O.75
T698,2025-12-26,,Soporte,cinco,2,SI,carlos,175.
T699,2025-12-27,hardware,,seis,8,NO,ana,19O
T700,2025-12-28,Red,INFRAESTRUCTURA,siete,1,si,,17O.
T701,2025-12-29,,desarrollo,ocho,7,NO,carlos,165
T702,2025-12-30,hardware,Soporte,uno,4,SI,ana,185.5O
T703,2025-12-31,Red,,dos,2,No,juan,155.5
T704,2026-01-01,,INFRAESTRUCTURA,tres,8,SI,carlos,17O.25
T705,2026-01-02,hardware,desarrollo,cuatro,1,NO,ana,185.75
T706,2026-01-03,Red,Soporte,cinco,7,si,,16O.50
T707,2026-01-04,,INFRAESTRUCTURA,seis,4,NO,carlos,175.75
T708,2026-01-05,hardware,,siete,2,SI,ana,19O.75
T709,2026-01-06,Red,Soporte,ocho,8,No,juan,165.25
T710,2026-01-07,,desarrollo,uno,1,SI,carlos,17O.5O
T711,2026-01-08,hardware,INFRAESTRUCTURA,dos,7,NO,ana,185.25
T712,2026-01-09,Red,,tres,4,si,,155.75
T713,2026-01-10,,Soporte,cuatro,2,NO,carlos,17O.
T714,2026-01-11,hardware,desarrollo,cinco,8,SI,ana,19O.25
T715,2026-01-12,Red,INFRAESTRUCTURA,seis,1,No,juan,165.25
T716,2026-01-13,,Soporte,siete,7,SI,carlos,175.5
T717,2026-01-14,hardware,,ocho,4,NO,ana,18O.5O
T718,2026-01-15,Red,INFRAESTRUCTURA,uno,2,si,,155.25
T719,2026-01-16,,desarrollo,dos,8,NO,carlos,17O.75
T720,2026-01-17,hardware,Soporte,tres,1,SI,ana,185.5
T721,2026-01-18,Red,,cuatro,7,No,juan,16O.75
T722,2026-01-19,,INFRAESTRUCTURA,cinco,4,SI,carlos,175.
T723,2026-01-20,hardware,desarrollo,seis,2,NO,ana,19O
T724,2026-01-21,Red,Soporte,siete,8,si,,17O.
T725,2026-01-22,,INFRAESTRUCTURA,ocho,1,NO,carlos,165
T726,2026-01-23,hardware,,uno,7,SI,ana,185.5O
T727,2026-01-24,Red,Soporte,dos,4,No,juan,155.5
T728,2026-01-25,,desarrollo,tres,2,SI,carlos,17O.25
T729,2026-01-26,hardware,INFRAESTRUCTURA,cuatro,8,NO,ana,185.75
T730,2026-01-27,Red,,cinco,1,si,,16O.50
T731,2026-01-28,,Soporte,seis,7,NO,carlos,175.75
T732,2026-01-29,hardware,desarrollo,siete,4,SI,ana,19O.75
T733,2026-01-30,Red,INFRAESTRUCTURA,ocho,2,No,juan,165.25
T734,2026-01-31,,Soporte,uno,8,SI,carlos,17O.5O
T735,2026-02-01,hardware,,dos,1,NO,ana,185.25
T736,2026-02-02,Red,INFRAESTRUCTURA,tres,7,si,,155.75
T737,2026-02-03,,desarrollo,cuatro,4,NO,carlos,17O.
T738,2026-02-04,hardware,Soporte,cinco,2,SI,ana,19O.25
T739,2026-02-05,Red,,seis,8,No,juan,165.25
T740,2026-02-06,,INFRAESTRUCTURA,siete,1,SI,carlos,175.5
T741,2026-02-07,hardware,desarrollo,ocho,7,NO,ana,18O.5O
T742,2026-02-08,Red,Soporte,uno,4,si,,155.25
T743,2026-02-09,,INFRAESTRUCTURA,dos,2,NO,carlos,17O.75
T744,2026-02-10,hardware,,tres,8,SI,ana,185.5
T745,2026-02-11,Red,Soporte,cuatro,1,No,juan,16O.75
T746,2026-02-12,,desarrollo,cinco,7,SI,carlos,175.
T747,2026-02-13,hardware,INFRAESTRUCTURA,seis,4,NO,ana,19O
T748,2026-02-14,Red,,siete,2,si,,17O.
T749,2026-02-15,,Soporte,ocho,8,NO,carlos,165
T750,2026-02-16,hardware,desarrollo,uno,1,SI,ana,185.5O
T751,2026-02-17,Red,INFRAESTRUCTURA,dos,7,No,juan,155.5
T752,2026-02-18,,Soporte,tres,4,SI,carlos,17O.25
T753,2026-02-19,hardware,,cuatro,2,NO,ana,185.75
T754,2026-02-20,Red,INFRAESTRUCTURA,cinco,8,si,,16O.50
T755,2026-02-21,,desarrollo,seis,1,NO,carlos,175.75
T756,2026-02-22,hardware,Soporte,siete,7,SI,ana,19O.75
T757,2026-02-23,Red,,ocho,4,No,juan,165.25
T758,2026-02-24,,INFRAESTRUCTURA,uno,2,SI,carlos,17O.5O
T759,2026-02-25,hardware,desarrollo,dos,8,NO,ana,185.25
T760,2026-02-26,Red,Soporte,tres,1,si,,155.75
T761,2026-02-27,,INFRAESTRUCTURA,cuatro,7,NO,carlos,17O.
T762,2026-02-28,hardware,,cinco,4,SI,ana,19O.25
T763,2026-03-01,Red,Soporte,seis,2,No,juan,165.25
T764,2026-03-02,,desarrollo,siete,8,SI,carlos,175.5
T765,2026-03-03,hardware,INFRAESTRUCTURA,ocho,1,NO,ana,18O.5O
T766,2026-03-04,Red,,uno,7,si,,155.25
T767,2026-03-05,,Soporte,dos,4,NO,carlos,17O.75
T768,2026-03-06,hardware,desarrollo,tres,2,SI,ana,185.5
T769,2026-03-07,Red,INFRAESTRUCTURA,cuatro,8,No,juan,16O.75
T770,2026-03-08,,Soporte,cinco,1,SI,carlos,175.
T771,2026-03-09,hardware,,seis,7,NO,ana,19O
T772,2026-03-10,Red,INFRAESTRUCTURA,siete,4,si,,17O.
T773,2026-03-11,,desarrollo,ocho,2,NO,carlos,165
T774,2026-03-12,hardware,Soporte,uno,8,SI,ana,185.5O
T775,2026-03-13,Red,,dos,1,No,juan,155.5
T776,2026-03-14,,INFRAESTRUCTURA,tres,7,SI,carlos,17O.25
T777,2026-03-15,hardware,desarrollo,cuatro,4,NO,ana,185.75
T778,2026-03-16,Red,Soporte,cinco,2,si,,16O.50
T779,2026-03-17,,INFRAESTRUCTURA,seis,8,NO,carlos,175.75
T780,2026-03-18,hardware,,siete,1,SI,ana,19O.75
T781,2026-03-19,Red,Soporte,ocho,7,No,juan,165.25
T782,2026-03-20,,desarrollo,uno,4,SI,carlos,17O.5O
T783,2026-03-21,hardware,INFRAESTRUCTURA,dos,2,NO,ana,185.25
T784,2026-03-22,Red,,tres,8,si,,155.75
T785,2026-03-23,,Soporte,cuatro,1,NO,carlos,17O.
T786,2026-03-24,hardware,desarrollo,cinco,7,SI,ana,19O.25
T787,2026-03-25,Red,INFRAESTRUCTURA,seis,4,No,juan,165.25
T788,2026-03-26,,Soporte,siete,2,SI,carlos,175.5
T789,2026-03-27,hardware,,ocho,8,NO,ana,18O.5O
T790,2026-03-28,Red,INFRAESTRUCTURA,uno,1,si,,155.25
T791,2026-03-29,,desarrollo,dos,7,NO,carlos,17O.75
T792,2026-03-30,hardware,Soporte,tres,4,SI,ana,185.5
T793,2026-03-31,Red,,cuatro,2,No,juan,16O.75
T794,2026-04-01,,INFRAESTRUCTURA,cinco,8,SI,carlos,175.
T795,2026-04-02,hardware,desarrollo,seis,1,NO,ana,19O
T796,2026-04-03,Red,Soporte,siete,7,si,,17O.
T797,2026-04-04,,INFRAESTRUCTURA,ocho,4,NO,carlos,165
T798,2026-04-05,hardware,,uno,2,SI,ana,185.5O
T799,2026-04-06,Red,Soporte,dos,8,No,juan,155.5
T800,2026-04-07,,desarrollo,tres,1,SI,carlos,17O.25
T801,2026-04-08,hardware,INFRAESTRUCTURA,cuatro,7,NO,ana,185.75
T802,2026-04-09,Red,,cinco,4,si,,16O.50
T803,2026-04-10,,Soporte,seis,2,NO,carlos,175.75
T804,2026-04-11,hardware,desarrollo,siete,8,SI,ana,19O.75
T805,2026-04-12,Red,INFRAESTRUCTURA,ocho,1,No,juan,165.25
T806,2026-04-13,,Soporte,uno,7,SI,carlos,17O.5O
T807,2026-04-14,hardware,,dos,4,NO,ana,185.25
T808,2026-04-15,Red,INFRAESTRUCTURA,tres,2,si,,155.75
T809,2026-04-16,,desarrollo,cuatro,8,NO,carlos,17O.
T810,2026-04-17,hardware,Soporte,cinco,1,SI,ana,19O.25
T811,2026-04-18,Red,,seis,7,No,juan,165.25
T812,2026-04-19,,INFRAESTRUCTURA,siete,4,SI,carlos,175.5
T813,2026-04-20,hardware,desarrollo,ocho,2,NO,ana,18O.5O
T814,2026-04-21,Red,Soporte,uno,8,si,,155.25
T815,2026-04-22,,INFRAESTRUCTURA,dos,1,NO,carlos,17O.75
T816,2026-04-23,hardware,,tres,7,SI,ana,185.5
T817,2026-04-24,Red,Soporte,cuatro,4,No,juan,16O.75
T818,2026-04-25,,desarrollo,cinco,2,SI,carlos,175.
T819,2026-04-26,hardware,INFRAESTRUCTURA,seis,8,NO,ana,19O
T820,2026-04-27,Red,,siete,1,si,,17O.
T821,2026-04-28,,Soporte,ocho,7,NO,carlos,165
T822,2026-04-29,hardware,desarrollo,uno,4,SI,ana,185.5O
T823,2026-04-30,Red,INFRAESTRUCTURA,dos,2,No,juan,155.5
T824,2026-05-01,,Soporte,tres,8,SI,carlos,17O.25
T825,2026-05-02,hardware,,cuatro,1,NO,ana,185.75
T826,2026-05-03,Red,INFRAESTRUCTURA,cinco,7,si,,16O.50
T827,2026-05-04,,desarrollo,seis,4,NO,carlos,175.75
T828,2026-05-05,hardware,Soporte,siete,2,SI,ana,19O.75
T829,2026-05-06,Red,,ocho,8,No,juan,165.25
T830,2026-05-07,,INFRAESTRUCTURA,uno,1,SI,carlos,17O.5O
T831,2026-05-08,hardware,desarrollo,dos,7,NO,ana,185.25
T832,2026-05-09,Red,Soporte,tres,4,si,,155.75
T833,2026-05-10,,INFRAESTRUCTURA,cuatro,2,NO,carlos,17O.
T834,2026-05-11,hardware,,cinco,8,SI,ana,19O.25
T835,2026-05-12,Red,Soporte,seis,1,No,juan,165.25
T836,2026-05-13,,desarrollo,siete,7,SI,carlos,175.5
T837,2026-05-14,hardware,INFRAESTRUCTURA,ocho,4,NO,ana,18O.5O
T838,2026-05-15,Red,,uno,2,si,,155.25
T839,2026-05-16,,Soporte,dos,8,NO,carlos,17O.75
T840,2026-05-17,hardware,desarrollo,tres,1,SI,ana,185.5
T841,2026-05-18,Red,INFRAESTRUCTURA,cuatro,7,No,juan,16O.75
T842,2026-05-19,,Soporte,cinco,4,SI,carlos,175.
T843,2026-05-20,hardware,,seis,2,NO,ana,19O
T844,2026-05-21,Red,INFRAESTRUCTURA,siete,8,si,,17O.
T845,2026-05-22,,desarrollo,ocho,1,NO,carlos,165
T846,2026-05-23,hardware,Soporte,uno,7,SI,ana,185.5O
T847,2026-05-24,Red,,dos,4,No,juan,155.5
T848,2026-05-25,,INFRAESTRUCTURA,tres,2,SI,carlos,17O.25
T849,2026-05-26,hardware,desarrollo,cuatro,8,NO,ana,185.75
T850,2026-05-27,Red,Soporte,cinco,1,si,,16O.50
T851,2026-05-28,,INFRAESTRUCTURA,seis,7,NO,carlos,175.75
T852,2026-05-29,hardware,,siete,4,SI,ana,19O.75
T853,2026-05-30,Red,Soporte,ocho,2,No,juan,165.25
T854,2026-05-31,,desarrollo,uno,8,SI,carlos,17O.5O
T855,2026-06-01,hardware,INFRAESTRUCTURA,dos,1,NO,ana,185.25
T856,2026-06-02,Red,,tres,7,si,,155.75
T857,2026-06-03,,Soporte,cuatro,4,NO,carlos,17O.
T858,2026-06-04,hardware,desarrollo,cinco,2,SI,ana,19O.25
T859,2026-06-05,Red,INFRAESTRUCTURA,seis,8,No,juan,165.25
T860,2026-06-06,,Soporte,siete,1,SI,carlos,175.5
T861,2026-06-07,hardware,,ocho,7,NO,ana,18O.5O
T862,2026-06-08,Red,INFRAESTRUCTURA,uno,4,si,,155.25
T863,2026-06-09,,desarrollo,dos,2,NO,carlos,17O.75
T864,2026-06-10,hardware,Soporte,tres,8,SI,ana,185.5
T865,2026-06-11,Red,,cuatro,1,No,juan,16O.75
T866,2026-06-12,,INFRAESTRUCTURA,cinco,7,SI,carlos,175.
T867,2026-06-13,hardware,desarrollo,seis,4,NO,ana,19O
T868,2026-06-14,Red,Soporte,siete,2,si,,17O.
T869,2026-06-15,,INFRAESTRUCTURA,ocho,8,NO,carlos,165
T870,2026-06-16,hardware,,uno,1,SI,ana,185.5O
T871,2026-06-17,Red,Soporte,dos,7,No,juan,155.5
T872,2026-06-18,,desarrollo,tres,4,SI,carlos,17O.25
T873,2026-06-19,hardware,INFRAESTRUCTURA,cuatro,2,NO,ana,185.75
T874,2026-06-20,Red,,cinco,8,si,,16O.50
T875,2026-06-21,,Soporte,seis,1,NO,carlos,175.75
T876,2026-06-22,hardware,desarrollo,siete,7,SI,ana,19O.75
T877,2026-06-23,Red,INFRAESTRUCTURA,ocho,4,No,juan,165.25
T878,2026-06-24,,Soporte,uno,2,SI,carlos,17O.5O
T879,2026-06-25,hardware,,dos,8,NO,ana,185.25
T880,2026-06-26,Red,INFRAESTRUCTURA,tres,1,si,,155.75
T881,2026-06-27,,desarrollo,cuatro,7,NO,carlos,17O.
T882,2026-06-28,hardware,Soporte,cinco,4,SI,ana,19O.25
T883,2026-06-29,Red,,seis,2,No,juan,165.25
T884,2026-06-30,,INFRAESTRUCTURA,siete,8,SI,carlos,175.5
T885,2026-07-01,hardware,desarrollo,ocho,1,NO,ana,18O.5O
T886,2026-07-02,Red,Soporte,uno,7,si,,155.25
T887,2026-07-03,,INFRAESTRUCTURA,dos,4,NO,carlos,17O.75
T888,2026-07-04,hardware,,tres,2,SI,ana,185.5
T889,2026-07-05,Red,Soporte,cuatro,8,No,juan,16O.75
T890,2026-07-06,,desarrollo,cinco,1,SI,carlos,175.
T891,2026-07-07,hardware,INFRAESTRUCTURA,seis,7,NO,ana,19O
T892,2026-07-08,Red,,siete,4,si,,17O.
T893,2026-07-09,,Soporte,ocho,2,NO,carlos,165
T894,2026-07-10,hardware,desarrollo,uno,8,SI,ana,185.5O
T895,2026-07-11,Red,INFRAESTRUCTURA,dos,1,No,juan,155.5
T896,2026-07-12,,Soporte,tres,7,SI,carlos,17O.25
T897,2026-07-13,hardware,,cuatro,4,NO,ana,185.75
T898,2026-07-14,Red,INFRAESTRUCTURA,cinco,2,si,,16O.50
T899,2026-07-15,,desarrollo,seis,8,NO,carlos,175.75
T900,2026-07-16,hardware,Soporte,siete,1,SI,ana,19O.75
T901,2026-07-17,Red,,ocho,7,No,juan,165.25
T902,2026-07-18,,INFRAESTRUCTURA,uno,4,SI,carlos,17O.5O
T903,2026-07-19,hardware,desarrollo,dos,2,NO,ana,185.25
T904,2026-07-20,Red,Soporte,tres,8,si,,155.75
T905,2026-07-21,,INFRAESTRUCTURA,cuatro,1,NO,carlos,17O.
T906,2026-07-22,hardware,,cinco,7,SI,ana,19O.25
T907,2026-07-23,Red,Soporte,seis,4,No,juan,165.25
T908,2026-07-24,,desarrollo,siete,2,SI,carlos,175.5
T909,2026-07-25,hardware,INFRAESTRUCTURA,ocho,8,NO,ana,18O.5O
T910,2026-07-26,Red,,uno,1,si,,155.25
T911,2026-07-27,,Soporte,dos,7,NO,carlos,17O.75
T912,2026-07-28,hardware,desarrollo,tres,4,SI,ana,185.5
T913,2026-07-29,Red,INFRAESTRUCTURA,cuatro,2,No,juan,16O.75
T914,2026-07-30,,Soporte,cinco,8,SI,carlos,175.
T915,2026-07-31,hardware,,seis,1,NO,ana,19O
T916,2026-08-01,Red,INFRAESTRUCTURA,siete,7,si,,17O.
T917,2026-08-02,,desarrollo,ocho,4,NO,carlos,165
T918,2026-08-03,hardware,Soporte,uno,2,SI,ana,185.5O
T919,2026-08-04,Red,,dos,8,No,juan,155.5
T920,2026-08-05,,INFRAESTRUCTURA,tres,1,SI,carlos,17O.25
T921,2026-08-06,hardware,desarrollo,cuatro,7,NO,ana,185.75
T922,2026-08-07,Red,Soporte,cinco,4,si,,16O.50
T923,2026-08-08,,INFRAESTRUCTURA,seis,2,NO,carlos,175.75
T924,2026-08-09,hardware,,siete,8,SI,ana,19O.75
T925,2026-08-10,Red,Soporte,ocho,1,No,juan,165.25
T926,2026-08-11,,desarrollo,uno,7,SI,carlos,17O.5O
T927,2026-08-12,hardware,INFRAESTRUCTURA,dos,4,NO,ana,185.25
T928,2026-08-13,Red,,tres,2,si,,155.75
T929,2026-08-14,,Soporte,cuatro,8,NO,carlos,17O.
T930,2026-08-15,hardware,desarrollo,cinco,1,SI,ana,19O.25
T931,2026-08-16,Red,INFRAESTRUCTURA,seis,7,No,juan,165.25
T932,2026-08-17,,Soporte,siete,4,SI,carlos,175.5
T933,2026-08-18,hardware,,ocho,2,NO,ana,18O.5O
T934,2026-08-19,Red,INFRAESTRUCTURA,uno,8,si,,155.25
T935,2026-08-20,,desarrollo,dos,1,NO,carlos,17O.75
T936,2026-08-21,hardware,Soporte,tres,7,SI,ana,185.5
T937,2026-08-22,Red,,cuatro,4,No,juan,16O.75
T938,2026-08-23,,INFRAESTRUCTURA,cinco,2,SI,carlos,175.
T939,2026-08-24,hardware,desarrollo,seis,8,NO,ana,19O
T940,2026-08-25,Red,Soporte,siete,1,si,,17O.
T941,2026-08-26,,INFRAESTRUCTURA,ocho,7,NO,carlos,165
T942,2026-08-27,hardware,,uno,4,SI,ana,185.5O
T943,2026-08-28,Red,Soporte,dos,2,No,juan,155.5
T944,2026-08-29,,desarrollo,tres,8,SI,carlos,17O.25
T945,2026-08-30,hardware,INFRAESTRUCTURA,cuatro,1,NO,ana,185.75
T946,2026-08-31,Red,,cinco,7,si,,16O.50
T947,2026-09-01,,Soporte,seis,4,NO,carlos,175.75
T948,2026-09-02,hardware,desarrollo,siete,2,SI,ana,19O.75
T949,2026-09-03,Red,INFRAESTRUCTURA,ocho,8,No,juan,165.25
T950,2026-09-04,,Soporte,uno,1,SI,carlos,17O.5O
T951,2026-09-05,hardware,,dos,7,NO,ana,185.25
T952,2026-09-06,Red,INFRAESTRUCTURA,tres,4,si,,155.75
T953,2026-09-07,,desarrollo,cuatro,2,NO,carlos,17O.
T954,2026-09-08,hardware,Soporte,cinco,8,SI,ana,19O.25
T955,2026-09-09,Red,,seis,1,No,juan,165.25
T956,2026-09-10,,INFRAESTRUCTURA,siete,7,SI,carlos,175.5
T957,2026-09-11,hardware,desarrollo,ocho,4,NO,ana,18O.5O
T958,2026-09-12,Red,Soporte,uno,2,si,,155.25
T959,2026-09-13,,INFRAESTRUCTURA,dos,8,NO,carlos,17O.75
T960,2026-09-14,hardware,,tres,1,SI,ana,185.5
T961,2026-09-15,Red,Soporte,cuatro,7,No,juan,16O.75
T962,2026-09-16,,desarrollo,cinco,4,SI,carlos,175.
T963,2026-09-17,hardware,INFRAESTRUCTURA,seis,2,NO,ana,19O
T964,2026-09-18,Red,,siete,8,si,,17O.
T965,2026-09-19,,Soporte,ocho,1,NO,carlos,165
T966,2026-09-20,hardware,desarrollo,uno,7,SI,ana,185.5O
T967,2026-09-21,Red,INFRAESTRUCTURA,dos,4,No,juan,155.5
T968,2026-09-22,,Soporte,tres,2,SI,carlos,17O.25
T969,2026-09-23,hardware,,cuatro,8,NO,ana,185.75
T970,2026-09-24,Red,INFRAESTRUCTURA,cinco,1,si,,16O.50
T971,2026-09-25,,desarrollo,seis,7,NO,carlos,175.75
T972,2026-09-26,hardware,Soporte,siete,4,SI,ana,19O.75
T973,2026-09-27,Red,,ocho,2,No,juan,165.25
T974,2026-09-28,,INFRAESTRUCTURA,uno,8,SI,carlos,17O.5O
T975,2026-09-29,hardware,desarrollo,dos,1,NO,ana,185.25
T976,2026-09-30,Red,Soporte,tres,7,si,,155.75
T977,2026-10-01,,INFRAESTRUCTURA,cuatro,4,NO,carlos,17O.
T978,2026-10-02,hardware,,cinco,2,SI,ana,19O.25
T979,2026-10-03,Red,Soporte,seis,8,No,juan,165.25
T980,2026-10-04,,desarrollo,siete,1,SI,carlos,175.5
T981,2026-10-05,hardware,INFRAESTRUCTURA,ocho,7,NO,ana,18O.5O
T982,2026-10-06,Red,,uno,4,si,,155.25
T983,2026-10-07,,Soporte,dos,2,NO,carlos,17O.75
T984,2026-10-08,hardware,desarrollo,tres,8,SI,ana,185.5
T985,2026-10-09,Red,INFRAESTRUCTURA,cuatro,1,No,juan,16O.75
T986,2026-10-10,,Soporte,cinco,7,SI,carlos,175.
T987,2026-10-11,hardware,,seis,4,NO,ana,19O
T988,2026-10-12,Red,INFRAESTRUCTURA,siete,2,si,,17O.
T989,2026-10-13,,desarrollo,ocho,8,NO,carlos,165
T990,2026-10-14,hardware,Soporte,uno,1,SI,ana,185.5O
T991,2026-10-15,Red,,dos,7,No,juan,160.75
T992,2026-10-16,,INFRAESTRUCTURA,tres,4,SI,carlos,175.
T993,2026-10-17,hardware,desarrollo,cuatro,2,NO,ana,190
T994,2026-10-18,Red,,cinco,8,si,,170.
T995,2026-10-19,,Soporte,seis,1,NO,carlos,165
T996,2026-10-20,hardware,INFRAESTRUCTURA,siete,7,SI,ana,185.50
T997,2026-10-21,Red,desarrollo,ocho,4,No,juan,155.5
T998,2026-10-22,,Soporte,uno,2,SI,carlos,170.25
T999,2026-10-23,hardware,,dos,8,NO,ana,185.75
T1000,2026-10-24,Red,INFRAESTRUCTURA,tres,1,si,,160.50
